window_start	window_end	window_mid	raw_count	norm_position	log2_ratio
1	10000	5001	1921.0	-0.733932	0.029974
10001	20000	15001	1800.0	-0.729150	-0.063886
20001	30000	25001	1967.0	-0.724367	0.064114
30001	40000	35001	1890.0	-0.719584	0.006503
40001	50000	45001	1792.0	-0.714801	-0.070313
50001	60000	55001	1824.0	-0.710018	-0.044778
60001	70000	65001	2047.0	-0.705235	0.121628
70001	80000	75001	1832.0	-0.700452	-0.038464
80001	90000	85001	1656.0	-0.695669	-0.184181
90001	100000	95001	2014.0	-0.690887	0.098180
100001	110000	105001	1957.0	-0.686104	0.056760
110001	120000	115001	1886.0	-0.681321	0.003446
120001	130000	125001	2072.0	-0.676538	0.139141
130001	140000	135001	1960.0	-0.671755	0.058970
140001	150000	145001	2009.0	-0.666972	0.094594
150001	160000	155001	1997.0	-0.662189	0.085951
160001	170000	165001	1915.0	-0.657406	0.025461
170001	180000	175001	2031.0	-0.652624	0.110307
180001	190000	185001	1991.0	-0.647841	0.081610
190001	200000	195001	2080.0	-0.643058	0.144700
200001	210000	205001	2066.0	-0.638275	0.134957
210001	220000	215001	2007.0	-0.633492	0.093157
220001	230000	225001	1866.0	-0.628709	-0.011934
230001	240000	235001	1954.0	-0.623926	0.054547
240001	250000	245001	1873.0	-0.619143	-0.006532
250001	260000	255001	2029.0	-0.614360	0.108886
260001	270000	265001	1940.0	-0.609578	0.044173
270001	280000	275001	1903.0	-0.604795	0.016392
280001	290000	285001	1928.0	-0.600012	0.035222
290001	300000	295001	2002.0	-0.595229	0.089559
300001	310000	305001	1880.0	-0.590446	-0.001151
310001	320000	315001	2076.0	-0.585663	0.141923
320001	330000	325001	2282.0	-0.580880	0.278416
330001	340000	335001	1899.0	-0.576097	0.013357
340001	350000	345001	1715.0	-0.571315	-0.133675
350001	360000	355001	2019.0	-0.566532	0.101758
360001	370000	365001	2118.0	-0.561749	0.170819
370001	380000	375001	2079.0	-0.556966	0.144006
380001	390000	385001	1999.0	-0.552183	0.087395
390001	400000	395001	1816.0	-0.547400	-0.051119
400001	410000	405001	1907.0	-0.542617	0.019422
410001	420000	415001	1802.0	-0.537834	-0.062284
420001	430000	425001	2290.0	-0.533052	0.283464
430001	440000	435001	1962.0	-0.528269	0.060442
440001	450000	445001	1945.0	-0.523486	0.047887
450001	460000	455001	1872.0	-0.518703	-0.007303
460001	470000	465001	1751.0	-0.513920	-0.103704
470001	480000	475001	1999.0	-0.509137	0.087395
480001	490000	485001	1986.0	-0.504354	0.077982
490001	500000	495001	1750.0	-0.499571	-0.104528
500001	510000	505001	1922.0	-0.494789	0.030725
510001	520000	515001	1832.0	-0.490006	-0.038464
520001	530000	525001	1672.0	-0.485223	-0.170308
530001	540000	535001	2091.0	-0.480440	0.152310
540001	550000	545001	2008.0	-0.475657	0.093876
550001	560000	555001	1916.0	-0.470874	0.026214
560001	570000	565001	1923.0	-0.466091	0.031475
570001	580000	575001	1762.0	-0.461308	-0.094669
580001	590000	585001	1865.0	-0.456526	-0.012708
590001	600000	595001	1552.0	-0.451743	-0.277755
600001	610000	605001	1894.0	-0.446960	0.009553
610001	620000	615001	1824.0	-0.442177	-0.044778
620001	630000	625001	1903.0	-0.437394	0.016392
630001	640000	635001	1751.0	-0.432611	-0.103704
640001	650000	645001	1981.0	-0.427828	0.074346
650001	660000	655001	1916.0	-0.423045	0.026214
660001	670000	665001	1810.0	-0.418263	-0.055894
670001	680000	675001	1938.0	-0.413480	0.042685
680001	690000	685001	1775.0	-0.408697	-0.084064
690001	700000	695001	1870.0	-0.403914	-0.008845
700001	710000	705001	1899.0	-0.399131	0.013357
710001	720000	715001	1669.0	-0.394348	-0.172899
720001	730000	725001	1883.0	-0.389565	0.001150
730001	740000	735001	1728.0	-0.384782	-0.122780
740001	750000	745001	1932.0	-0.380000	0.038212
750001	760000	755001	1840.0	-0.375217	-0.032178
760001	770000	765001	2151.0	-0.370434	0.193124
770001	780000	775001	1977.0	-0.365651	0.071430
780001	790000	785001	2610.0	-0.360868	0.472167
790001	800000	795001	1717.0	-0.356085	-0.131993
800001	810000	805001	2250.0	-0.351302	0.258042
810001	820000	815001	1920.0	-0.346519	0.029223
820001	830000	825001	2321.0	-0.341737	0.302863
830001	840000	835001	2121.0	-0.336954	0.172861
840001	850000	845001	2452.0	-0.332171	0.382076
850001	860000	855001	1905.0	-0.327388	0.017908
860001	870000	865001	1866.0	-0.322605	-0.011934
870001	880000	875001	1894.0	-0.317822	0.009553
880001	890000	885001	1761.0	-0.313039	-0.095488
890001	900000	895001	1772.0	-0.308256	-0.086505
900001	910000	905001	2015.0	-0.303474	0.098897
910001	920000	915001	1992.0	-0.298691	0.082334
920001	930000	925001	1983.0	-0.293908	0.075801
930001	940000	935001	1724.0	-0.289125	-0.126124
940001	950000	945001	1762.0	-0.284342	-0.094669
950001	960000	955001	1798.0	-0.279559	-0.065490
960001	970000	965001	1757.0	-0.274776	-0.098769
970001	980000	975001	1831.0	-0.269993	-0.039251
980001	990000	985001	1954.0	-0.265211	0.054547
990001	1000000	995001	1712.0	-0.260428	-0.136201
1000001	1010000	1005001	1795.0	-0.255645	-0.067899
1010001	1020000	1015001	1892.0	-0.250862	0.008029
1020001	1030000	1025001	1792.0	-0.246079	-0.070313
1030001	1040000	1035001	2015.0	-0.241296	0.098897
1040001	1050000	1045001	2095.0	-0.236513	0.155067
1050001	1060000	1055001	1602.0	-0.231730	-0.232009
1060001	1070000	1065001	1723.0	-0.226947	-0.126961
1070001	1080000	1075001	1694.0	-0.222165	-0.151449
1080001	1090000	1085001	1804.0	-0.217382	-0.060684
1090001	1100000	1095001	1879.0	-0.212599	-0.001918
1100001	1110000	1105001	1800.0	-0.207816	-0.063886
1110001	1120000	1115001	1855.0	-0.203033	-0.020464
1120001	1130000	1125001	1821.0	-0.198250	-0.047152
1130001	1140000	1135001	2377.0	-0.193467	0.337259
1140001	1150000	1145001	1860.0	-0.188684	-0.016581
1150001	1160000	1155001	1687.0	-0.183902	-0.157423
1160001	1170000	1165001	1759.0	-0.179119	-0.097128
1170001	1180000	1175001	1824.0	-0.174336	-0.044778
1180001	1190000	1185001	1752.0	-0.169553	-0.102881
1190001	1200000	1195001	1906.0	-0.164770	0.018665
1200001	1210000	1205001	1862.0	-0.159987	-0.015030
1210001	1220000	1215001	1705.0	-0.155204	-0.142112
1220001	1230000	1225001	1868.0	-0.150421	-0.010389
1230001	1240000	1235001	1849.0	-0.145639	-0.025138
1240001	1250000	1245001	1798.0	-0.140856	-0.065490
1250001	1260000	1255001	2228.0	-0.136073	0.243866
1260001	1270000	1265001	935.0	-0.131290	-1.008845
1270001	1280000	1275001	1941.0	-0.126507	0.044917
1280001	1290000	1285001	2510.0	-0.121724	0.415804
1290001	1300000	1295001	2065.0	-0.116941	0.134258
1300001	1310000	1305001	1878.0	-0.112158	-0.002686
1310001	1320000	1315001	1951.0	-0.107376	0.052330
1320001	1330000	1325001	1978.0	-0.102593	0.072159
1330001	1340000	1335001	1748.0	-0.097810	-0.106178
1340001	1350000	1345001	2006.0	-0.093027	0.092438
1350001	1360000	1355001	1653.0	-0.088244	-0.186797
1360001	1370000	1365001	1849.0	-0.083461	-0.025138
1370001	1380000	1375001	1852.0	-0.078678	-0.022799
1380001	1390000	1385001	1543.0	-0.073895	-0.286145
1390001	1400000	1395001	1873.0	-0.069113	-0.006532
1400001	1410000	1405001	1625.0	-0.064330	-0.211444
1410001	1420000	1415001	1926.0	-0.059547	0.033724
1420001	1430000	1425001	2230.0	-0.054764	0.245160
1430001	1440000	1435001	1910.0	-0.049981	0.021689
1440001	1450000	1445001	1739.0	-0.045198	-0.113625
1450001	1460000	1455001	2494.0	-0.040415	0.406578
1460001	1470000	1465001	2212.0	-0.035632	0.233468
1470001	1480000	1475001	1806.0	-0.030850	-0.059085
1480001	1490000	1485001	1825.0	-0.026067	-0.043987
1490001	1500000	1495001	1692.0	-0.021284	-0.153154
1500001	1510000	1505001	1781.0	-0.016501	-0.079196
1510001	1520000	1515001	2175.0	-0.011718	0.209132
1520001	1530000	1525001	1959.0	-0.006935	0.058234
1530001	1540000	1535001	1623.0	-0.002152	-0.213220
1540001	1550000	1545001	1831.0	0.002874	-0.039251
1550001	1560000	1555001	1903.0	0.008098	0.016392
1560001	1570000	1565001	1871.0	0.013323	-0.008074
1570001	1580000	1575001	1878.0	0.018548	-0.002686
1580001	1590000	1585001	1530.0	0.023772	-0.298352
1590001	1600000	1595001	1672.0	0.028997	-0.170308
1600001	1610000	1605001	1751.0	0.034222	-0.103704
1610001	1620000	1615001	1826.0	0.039446	-0.043197
1620001	1630000	1625001	1807.0	0.044671	-0.058287
1630001	1640000	1635001	1890.0	0.049896	0.006503
1640001	1650000	1645001	1766.0	0.055120	-0.091398
1650001	1660000	1655001	1785.0	0.060345	-0.075959
1660001	1670000	1665001	1689.0	0.065569	-0.155714
1670001	1680000	1675001	684.0	0.070794	-1.459815
1680001	1690000	1685001	262.0	0.076019	-2.844245
1690001	1700000	1695001	262.0	0.081243	-2.844245
1700001	1710000	1705001	246.0	0.086468	-2.935153
1710001	1720000	1715001	235.0	0.091693	-3.001151
1720001	1730000	1725001	266.0	0.096917	-2.822385
1730001	1740000	1735001	301.0	0.102142	-2.644048
1740001	1750000	1745001	312.0	0.107367	-2.592265
1750001	1760000	1755001	272.0	0.112591	-2.790205
1760001	1770000	1765001	324.0	0.117816	-2.537818
1770001	1780000	1775001	1110.0	0.123041	-0.761324
1780001	1790000	1785001	2289.0	0.128265	0.282834
1790001	1800000	1795001	1834.0	0.133490	-0.036890
1800001	1810000	1805001	1880.0	0.138715	-0.001151
1810001	1820000	1815001	1824.0	0.143939	-0.044778
1820001	1830000	1825001	1898.0	0.149164	0.012597
1830001	1840000	1835001	1949.0	0.154389	0.050851
1840001	1850000	1845001	1814.0	0.159613	-0.052709
1850001	1860000	1855001	1832.0	0.164838	-0.038464
1860001	1870000	1865001	1905.0	0.170063	0.017908
1870001	1880000	1875001	2229.0	0.175287	0.244513
1880001	1890000	1885001	1843.0	0.180512	-0.029827
1890001	1900000	1895001	1866.0	0.185737	-0.011934
1900001	1910000	1905001	1856.0	0.190961	-0.019687
1910001	1920000	1915001	1825.0	0.196186	-0.043987
1920001	1930000	1925001	1697.0	0.201411	-0.148897
1930001	1940000	1935001	1756.0	0.206635	-0.099590
1940001	1950000	1945001	1740.0	0.211860	-0.112796
1950001	1960000	1955001	1939.0	0.217085	0.043430
1960001	1970000	1965001	1739.0	0.222309	-0.113625
1970001	1980000	1975001	1686.0	0.227534	-0.158279
1980001	1990000	1985001	1814.0	0.232759	-0.052709
1990001	2000000	1995001	1761.0	0.237983	-0.095488
2000001	2010000	2005001	1782.0	0.243208	-0.078386
2010001	2020000	2015001	1874.0	0.248433	-0.005762
2020001	2030000	2025001	1742.0	0.253657	-0.111139
2030001	2040000	2035001	1863.0	0.258882	-0.014256
2040001	2050000	2045001	1779.0	0.264107	-0.080817
2050001	2060000	2055001	2041.0	0.269331	0.117393
2060001	2070000	2065001	1947.0	0.274556	0.049370
2070001	2080000	2075001	1834.0	0.279781	-0.036890
2080001	2090000	2085001	1726.0	0.285005	-0.124451
2090001	2100000	2095001	1662.0	0.290230	-0.178963
2100001	2110000	2105001	1660.0	0.295455	-0.180700
2110001	2120000	2115001	1771.0	0.300679	-0.087319
2120001	2130000	2125001	1937.0	0.305904	0.041941
2130001	2140000	2135001	2172.0	0.311129	0.207141
2140001	2150000	2145001	1864.0	0.316353	-0.013481
2150001	2160000	2155001	1849.0	0.321578	-0.025138
2160001	2170000	2165001	1847.0	0.326803	-0.026699
2170001	2180000	2175001	1743.0	0.332027	-0.110311
2180001	2190000	2185001	1602.0	0.337252	-0.232009
2190001	2200000	2195001	1696.0	0.342476	-0.149747
2200001	2210000	2205001	1887.0	0.347701	0.004211
2210001	2220000	2215001	1862.0	0.352926	-0.015030
2220001	2230000	2225001	1888.0	0.358150	0.004975
2230001	2240000	2235001	2192.0	0.363375	0.220365
2240001	2250000	2245001	1868.0	0.368600	-0.010389
2250001	2260000	2255001	1780.0	0.373824	-0.080006
2260001	2270000	2265001	1716.0	0.379049	-0.132834
2270001	2280000	2275001	1840.0	0.384274	-0.032178
2280001	2290000	2285001	2091.0	0.389498	0.152310
2290001	2300000	2295001	2088.0	0.394723	0.150238
2300001	2310000	2305001	1918.0	0.399948	0.027719
2310001	2320000	2315001	1683.0	0.405172	-0.160848
2320001	2330000	2325001	1874.0	0.410397	-0.005762
2330001	2340000	2335001	1803.0	0.415622	-0.061484
2340001	2350000	2345001	2144.0	0.420846	0.188422
2350001	2360000	2355001	1833.0	0.426071	-0.037677
2360001	2370000	2365001	1686.0	0.431296	-0.158279
2370001	2380000	2375001	2007.0	0.436520	0.093157
2380001	2390000	2385001	1875.0	0.441745	-0.004993
2390001	2400000	2395001	1712.0	0.446970	-0.136201
2400001	2410000	2405001	1758.0	0.452194	-0.097948
2410001	2420000	2415001	1921.0	0.457419	0.029974
2420001	2430000	2425001	1917.0	0.462644	0.026967
2430001	2440000	2435001	1813.0	0.467868	-0.053504
2440001	2450000	2445001	1993.0	0.473093	0.083058
2450001	2460000	2455001	1787.0	0.478318	-0.074344
2460001	2470000	2465001	1770.0	0.483542	-0.088134
2470001	2480000	2475001	2026.0	0.488767	0.106751
2480001	2490000	2485001	1872.0	0.493992	-0.007303
2490001	2500000	2495001	1726.0	0.499216	-0.124451
2500001	2510000	2505001	1979.0	0.504441	0.072888
2510001	2520000	2515001	1637.0	0.509666	-0.200829
2520001	2530000	2525001	1566.0	0.514890	-0.264799
2530001	2540000	2535001	1896.0	0.520115	0.011076
2540001	2550000	2545001	1798.0	0.525340	-0.065490
2550001	2560000	2555001	2085.0	0.530564	0.148164
2560001	2570000	2565001	1842.0	0.535789	-0.030610
2570001	2580000	2575001	2046.0	0.541014	0.120923
2580001	2590000	2585001	1955.0	0.546238	0.055285
2590001	2600000	2595001	1779.0	0.551463	-0.080817
2600001	2610000	2605001	1793.0	0.556688	-0.069508
2610001	2620000	2615001	1942.0	0.561912	0.045660
2620001	2630000	2625001	1767.0	0.567137	-0.090581
2630001	2640000	2635001	1801.0	0.572362	-0.063085
2640001	2650000	2645001	1789.0	0.577586	-0.072730
2650001	2660000	2655001	2220.0	0.582811	0.238676
2660001	2670000	2665001	2772.0	0.588036	0.559044
2670001	2680000	2675001	2316.0	0.593260	0.299752
2680001	2690000	2685001	1976.0	0.598485	0.070700
2690001	2700000	2695001	2168.0	0.603710	0.204481
2700001	2710000	2705001	1911.0	0.608934	0.022444
2710001	2720000	2715001	1612.0	0.614159	-0.223032
2720001	2730000	2725001	1634.0	0.619383	-0.203475
2730001	2740000	2735001	1884.0	0.624608	0.001916
2740001	2750000	2745001	1792.0	0.629833	-0.070313
2750001	2760000	2755001	1746.0	0.635057	-0.107830
2760001	2770000	2765001	1705.0	0.640282	-0.142112
2770001	2780000	2775001	1875.0	0.645507	-0.004993
2780001	2790000	2785001	2051.0	0.650731	0.124444
2790001	2800000	2795001	2002.0	0.655956	0.089559
2800001	2810000	2805001	1815.0	0.661181	-0.051914
2810001	2820000	2815001	1859.0	0.666405	-0.017357
2820001	2830000	2825001	1684.0	0.671630	-0.159991
2830001	2840000	2835001	1926.0	0.676855	0.033724
2840001	2850000	2845001	1879.0	0.682079	-0.001918
2850001	2860000	2855001	2597.0	0.687304	0.464963
2860001	2870000	2865001	1933.0	0.692529	0.038958
2870001	2880000	2875001	1797.0	0.697753	-0.066293
2880001	2890000	2885001	2174.0	0.702978	0.208469
2890001	2900000	2895001	2231.0	0.708203	0.245807
2900001	2910000	2905001	2072.0	0.713427	0.139141
2910001	2920000	2915001	1733.0	0.718652	-0.118612
2920001	2930000	2925001	2120.0	0.723877	0.172181
2930001	2940000	2935001	2228.0	0.729101	0.243866
2940001	2950000	2945001	2247.0	0.734326	0.256117
2950001	2960000	2955001	2061.0	0.739551	0.131461
2960001	2970000	2965001	2264.0	0.744775	0.266991
2970001	2980000	2975001	1765.0	0.750000	-0.092215
2980001	2990000	2985001	1594.0	0.755225	-0.239232
2990001	3000000	2995001	2312.0	0.760449	0.297258
3000001	3010000	3005001	1919.0	0.765674	0.028471
3010001	3020000	3015001	1853.0	0.770899	-0.022020
3020001	3030000	3025001	1605.0	0.776123	-0.229310
3030001	3040000	3035001	1873.0	0.781348	-0.006532
3040001	3050000	3045001	2042.0	0.786573	0.118100
3050001	3060000	3055001	1747.0	0.791797	-0.107004
3060001	3070000	3065001	1766.0	0.797022	-0.091398
3070001	3080000	3075001	1720.0	0.802247	-0.129475
3080001	3090000	3085001	1631.0	0.807471	-0.206127
3090001	3100000	3095001	2074.0	0.812696	0.140533
3100001	3110000	3105001	1976.0	0.817921	0.070700
3110001	3120000	3115001	1934.0	0.823145	0.039705
3120001	3130000	3125001	1843.0	0.828370	-0.029827
3130001	3140000	3135001	1876.0	0.833595	-0.004223
3140001	3150000	3145001	1907.0	0.838819	0.019422
3150001	3160000	3155001	1930.0	0.844044	0.036718
3160001	3170000	3165001	2338.0	0.849269	0.313392
3170001	3180000	3175001	2081.0	0.854493	0.145394
3180001	3190000	3185001	1913.0	0.859718	0.023954
3190001	3200000	3195001	1846.0	0.864943	-0.027481
3200001	3210000	3205001	2274.0	0.870167	0.273349
3210001	3220000	3215001	1774.0	0.875392	-0.084877
3220001	3230000	3225001	1902.0	0.880617	0.015634
3230001	3240000	3235001	2012.0	0.885841	0.096747
3240001	3250000	3245001	2207.0	0.891066	0.230203
3250001	3260000	3255001	1912.0	0.896290	0.023199
3260001	3270000	3265001	1649.0	0.901515	-0.190292
3270001	3280000	3275001	1884.0	0.906740	0.001916
3280001	3290000	3285001	1960.0	0.911964	0.058970
3290001	3300000	3295001	1948.0	0.917189	0.050110
3300001	3310000	3305001	2091.0	0.922414	0.152310
3310001	3320000	3315001	1909.0	0.927638	0.020934
3320001	3330000	3325001	2196.0	0.932863	0.222995
3330001	3340000	3335001	2198.0	0.938088	0.224308
3340001	3350000	3345001	2176.0	0.943312	0.209795
3350001	3360000	3355001	2044.0	0.948537	0.119512
3360001	3370000	3365001	2015.0	0.953762	0.098897
3370001	3380000	3375001	2101.0	0.958986	0.159193
3380001	3390000	3385001	1958.0	0.964211	0.057497
3390001	3400000	3395001	1878.0	0.969436	-0.002686
3400001	3410000	3405001	1737.0	0.974660	-0.115286
3410001	3420000	3415001	1713.0	0.979885	-0.135358
3420001	3430000	3425001	2225.0	0.985110	0.241922
3430001	3440000	3435001	2176.0	0.990334	0.209795
3440001	3450000	3445001	1797.0	0.995559	-0.066293
3450001	3460000	3455001	1932.0	-0.999283	0.038212
3460001	3470000	3465001	2063.0	-0.994500	0.132861
3470001	3480000	3475001	1987.0	-0.989717	0.078709
3480001	3490000	3485001	1954.0	-0.984934	0.054547
3490001	3500000	3495001	1990.0	-0.980151	0.080885
3500001	3510000	3505001	2028.0	-0.975368	0.108174
3510001	3520000	3515001	1766.0	-0.970585	-0.091398
3520001	3530000	3525001	2413.0	-0.965802	0.358945
3530001	3540000	3535001	1939.0	-0.961020	0.043430
3540001	3550000	3545001	1980.0	-0.956237	0.073617
3550001	3560000	3555001	1761.0	-0.951454	-0.095488
3560001	3570000	3565001	1819.0	-0.946671	-0.048738
3570001	3580000	3575001	1795.0	-0.941888	-0.067899
3580001	3590000	3585001	1786.0	-0.937105	-0.075151
3590001	3600000	3595001	1991.0	-0.932322	0.081610
3600001	3610000	3605001	1641.0	-0.927539	-0.197308
3610001	3620000	3615001	1950.0	-0.922757	0.051591
3620001	3630000	3625001	1874.0	-0.917974	-0.005762
3630001	3640000	3635001	1830.0	-0.913191	-0.040040
3640001	3650000	3645001	1949.0	-0.908408	0.050851
3650001	3660000	3655001	1989.0	-0.903625	0.080160
3660001	3670000	3665001	2182.0	-0.898842	0.213768
3670001	3680000	3675001	2100.0	-0.894059	0.158506
3680001	3690000	3685001	2313.0	-0.889276	0.297882
3690001	3700000	3695001	2243.0	-0.884494	0.253546
3700001	3710000	3705001	1960.0	-0.879711	0.058970
3710001	3720000	3715001	2235.0	-0.874928	0.248392
3720001	3730000	3725001	1748.0	-0.870145	-0.106178
3730001	3740000	3735001	1620.0	-0.865362	-0.215889
3740001	3750000	3745001	2128.0	-0.860579	0.177615
3750001	3760000	3755001	1851.0	-0.855796	-0.023578
3760001	3770000	3765001	1930.0	-0.851013	0.036718
3770001	3780000	3775001	2011.0	-0.846231	0.096030
3780001	3790000	3785001	2038.0	-0.841448	0.115271
3790001	3800000	3795001	2288.0	-0.836665	0.282204
3800001	3810000	3805001	2033.0	-0.831882	0.111727
3810001	3820000	3815001	1732.0	-0.827099	-0.119444
3820001	3830000	3825001	1811.0	-0.822316	-0.055097
3830001	3840000	3835001	2150.0	-0.817533	0.192453
3840001	3850000	3845001	2207.0	-0.812750	0.230203
3850001	3860000	3855001	2166.0	-0.807968	0.203150
3860001	3870000	3865001	1922.0	-0.803185	0.030725
3870001	3880000	3875001	1786.0	-0.798402	-0.075151
3880001	3890000	3885001	1896.0	-0.793619	0.011076
3890001	3900000	3895001	2122.0	-0.788836	0.173541
3900001	3910000	3905001	1944.0	-0.784053	0.047145
3910001	3920000	3915001	1867.0	-0.779270	-0.011161
3920001	3930000	3925001	1666.0	-0.774487	-0.175495
3930001	3940000	3935001	2108.0	-0.769704	0.163992
3940001	3950000	3945001	1991.0	-0.764922	0.081610
3950001	3960000	3955001	1887.0	-0.760139	0.004211
3960001	3970000	3965001	1877.0	-0.755356	-0.003455
3970001	3980000	3975001	2032.0	-0.750573	0.111017
3980001	3990000	3985001	1999.0	-0.745790	0.087395
3990001	4000000	3995001	2231.0	-0.741007	0.245807
